{"cameraMode":{"drawMode":0,"name":"Shaded","section":"Shading Mode"},"sceneLighting":true,"audioPlay":false,"sceneViewState":{"m_AlwaysRefresh":false,"showFog":true,"showSkybox":true,"showFlares":true,"showImageEffects":true,"showParticleSystems":true,"showVisualEffectGraphs":true,"m_FxEnabled":true},"in2DMode":false,"pivot":{"x":28.25153923034668,"y":-1.3531527519226075,"z":-3.2499618530273439},"rotation":{"x":0.18201377987861634,"y":0.15561909973621369,"z":-0.02918582782149315,"w":0.9704689383506775},"size":11.925186157226563,"orthographic":false}